dept_id,dept_name,dept_category,division,dept_type,dept_age_years,location_type,team_size,reporting_structure,manager_experience_level,supervisor_experience_level,primary_function,secondary_function,creation_reason,oversight_body,reporting_lag_days,training_hours_quarterly,violations_past_3years,remediation_plan_active,executive_support,external_consulting,engagement_programs,onboarding_program,improvement_commitment,digital_systems,external_partnerships,interdept_collaboration_score,resource_availability_score,external_interactions_frequency,risk_exposure_operational,risk_exposure_financial,operational_health_index,reporting_gaps_annual,audit_score_q1,audit_score_q2,compliance_score_final,overall_risk_score
DEPT-1133,Digital Governance,Financial_Reporting,Corporate_HQ,Compliance,8.0,Urban,Large,Centralized,2.0,2.0,Other,Administrative,Regulation,,1.0,20.0,1.0,0.0,1.0,0.0,1.0,0.0,0.0,1.0,1.0,4.0,4.0,,2.0,2.0,1.0,26.0,,40.0,,43.0
DEPT-4312,West Internal Controls,Financial_Reporting,Corporate_HQ,Operations,6.0,Urban,Small,Centralized,1.0,,Other,Other,Restructuring,Internal_Audit,2.0,40.0,0.0,0.0,1.0,0.0,0.0,1.0,1.0,1.0,0.0,3.0,4.0,2.0,1.0,1.0,5.0,2.0,45.0,45.0,45.0,11.0
DEPT-3347,Business Integrity - Central Region,Financial_Reporting,Corporate_HQ,Operations,6.0,Urban,Small,Centralized,2.0,1.0,Administrative,Other,Regulation,,1.0,20.0,1.0,0.0,0.0,0.0,1.0,1.0,1.0,0.0,1.0,4.0,4.0,4.0,3.0,5.0,5.0,6.0,45.0,50.0,50.0,53.0
DEPT-2554,Central Team,Financial_Reporting,Corporate_HQ,Support,5.0,Urban,Small,Autonomous,3.0,3.0,Other,,Merger,Internal_Audit,1.0,20.0,0.0,,0.0,0.0,0.0,1.0,1.0,1.0,0.0,,3.0,4.0,4.0,4.0,1.0,0.0,65.0,60.0,65.0,40.0
DEPT-3151,Compliance - East Region,Financial_Reporting,Corporate_HQ,,8.0,Urban,Small,Centralized,3.0,3.0,Operations,Finance,Restructuring,External_Auditor,1.0,40.0,0.0,0.0,1.0,0.0,0.0,1.0,1.0,1.0,,3.0,2.0,4.0,,4.0,4.0,10.0,50.0,50.0,50.0,35.0
DEPT-3953,Compliance - Emerging Region,Financial_Reporting,Corporate_HQ,Support,6.0,Urban,Small,Centralized,2.0,2.0,Administrative,Other,Regulation,Internal_Audit,1.0,40.0,0.0,0.0,1.0,0.0,0.0,,1.0,,0.0,4.0,3.0,4.0,1.0,2.0,2.0,6.0,65.0,55.0,55.0,18.0
DEPT-5245,Internal Controls - South Region,Financial_Reporting,Corporate_HQ,Support,8.0,Urban,Large,Centralized,2.0,1.0,Operations,,Expansion,Internal_Audit,1.0,40.0,3.0,0.0,,0.0,1.0,1.0,,1.0,1.0,5.0,4.0,5.0,1.0,,5.0,10.0,50.0,45.0,40.0,55.0
DEPT-8602,Process Excellence - South Region,Financial_Reporting,Corporate_HQ,Support,7.0,,Large,Centralized,2.0,1.0,Administrative,Operations,Expansion,Internal_Audit,,,0.0,0.0,1.0,0.0,1.0,1.0,1.0,1.0,,4.0,2.0,5.0,1.0,2.0,5.0,0.0,55.0,50.0,55.0,15.0
DEPT-3374,Internal Controls - Prime Region,Financial_Reporting,Corporate_HQ,Support,5.0,Remote,Large,Centralized,1.0,1.0,Other,Other,Regulation,Internal_Audit,3.0,20.0,1.0,,0.0,0.0,1.0,,1.0,1.0,1.0,5.0,5.0,,1.0,1.0,1.0,2.0,40.0,,45.0,21.0
DEPT-2644,Compliance - Core Region,Financial_Reporting,Corporate_HQ,Operations,,Urban,Small,Autonomous,3.0,2.0,Compliance,Operations,Restructuring,Internal_Audit,1.0,20.0,0.0,0.0,0.0,0.0,0.0,1.0,1.0,1.0,0.0,4.0,4.0,4.0,3.0,,3.0,18.0,65.0,65.0,65.0,44.0
DEPT-4301,South Ethics and Compliance,Financial_Reporting,Corporate_HQ,Support,5.0,Remote,Large,Centralized,1.0,1.0,Other,Other,Expansion,,1.0,40.0,0.0,1.0,1.0,0.0,0.0,0.0,1.0,1.0,1.0,,3.0,4.0,2.0,4.0,5.0,2.0,65.0,55.0,55.0,31.0
DEPT-8808,Compliance - Core Region,Risk_Management,Regional_Operations,,15.0,International,Small,Autonomous,3.0,,Technology,,Regulation,Internal_Audit,2.0,19.0,4.0,1.0,1.0,0.0,0.0,1.0,0.0,0.0,1.0,2.0,1.0,1.0,2.0,5.0,4.0,22.0,87.7,,82.7,86.0
DEPT-1070,Elite Risk Management,Financial_Reporting,Corporate_HQ,Operations,6.0,,Small,Centralized,3.0,,Compliance,Other,Restructuring,External_Auditor,3.0,20.0,,0.0,,0.0,1.0,1.0,1.0,1.0,0.0,3.0,3.0,4.0,3.0,5.0,3.0,16.0,50.0,55.0,60.0,48.0
DEPT-9383,Risk Management - Regional Region,Operational_Compliance,Regional_Operations,Compliance,13.0,Urban,Medium,Hybrid,4.0,2.0,,Compliance,Regulation,Internal_Audit,2.0,86.0,5.0,1.0,1.0,0.0,1.0,0.0,0.0,1.0,0.0,1.0,5.0,2.0,3.0,,1.0,0.0,,100.0,100.0,75.0
DEPT-1766,Innovation Governance,Financial_Reporting,Corporate_HQ,Operations,,Urban,,,,1.0,Other,Other,Restructuring,Internal_Audit,2.0,20.0,3.0,1.0,1.0,0.0,1.0,,,1.0,,,5.0,,1.0,1.0,3.0,0.0,45.0,45.0,50.0,40.0
DEPT-9897,Core Ethics and Compliance,Financial_Reporting,Corporate_HQ,Support,,Remote,Large,Centralized,3.0,1.0,Other,Other,Expansion,Internal_Audit,,40.0,0.0,0.0,0.0,0.0,1.0,1.0,1.0,1.0,1.0,5.0,3.0,3.0,1.0,1.0,4.0,4.0,40.0,40.0,40.0,12.0
DEPT-4098,East Department,Financial_Reporting,Corporate_HQ,Operations,2.0,International,Medium,,1.0,,Legal,,Expansion,,5.0,63.0,2.0,0.0,1.0,0.0,0.0,0.0,0.0,0.0,1.0,3.0,4.0,5.0,3.0,2.0,2.0,,74.8,83.2,84.9,48.0
DEPT-6138,East Ethics and Compliance,Financial_Reporting,Corporate_HQ,Operations,5.0,Urban,Large,Centralized,,3.0,Other,Other,,Internal_Audit,1.0,60.0,0.0,1.0,0.0,0.0,0.0,0.0,1.0,,0.0,5.0,3.0,2.0,1.0,2.0,5.0,2.0,50.0,45.0,45.0,
DEPT-3003,Innovation Team,Risk_Management,Corporate_HQ,Technology,6.0,Remote,Large,Hybrid,1.0,2.0,Technology,Legal,,External_Auditor,2.0,72.0,1.0,1.0,,1.0,,0.0,0.0,0.0,0.0,,2.0,3.0,2.0,3.0,1.0,11.0,74.8,78.3,79.0,40.5
DEPT-6824,Regulatory Affairs - Innovation Region,Financial_Reporting,Corporate_HQ,Support,,,,Centralized,1.0,1.0,Other,Other,Regulation,Compliance_Officer,3.0,60.0,0.0,0.0,0.0,0.0,1.0,1.0,0.0,0.0,1.0,1.0,5.0,5.0,4.0,3.0,5.0,12.0,50.0,50.0,55.0,41.0
DEPT-6698,Internal Controls - Elite Region,Financial_Reporting,Corporate_HQ,Operations,7.0,Remote,,Centralized,2.0,1.0,Administrative,Other,Regulation,Internal_Audit,,20.0,,0.0,0.0,1.0,1.0,1.0,0.0,,1.0,3.0,3.0,2.0,2.0,2.0,5.0,8.0,40.0,40.0,45.0,34.0
DEPT-1622,Digital Services,Financial_Reporting,Corporate_HQ,Operations,7.0,Remote,Large,Centralized,1.0,3.0,Other,Other,,External_Auditor,3.0,40.0,,0.0,1.0,0.0,1.0,1.0,1.0,1.0,0.0,5.0,2.0,4.0,,4.0,5.0,,60.0,55.0,55.0,42.0
DEPT-9694,Business Integrity - Innovation Region,Risk_Management,Corporate_HQ,Compliance,,Suburban,Medium,Autonomous,2.0,2.0,Technology,Finance,Merger,External_Auditor,1.0,12.0,2.0,0.0,1.0,0.0,1.0,1.0,0.0,0.0,1.0,2.0,2.0,4.0,4.0,3.0,4.0,6.0,79.1,86.5,88.0,58.0
DEPT-9673,Regional Unit,Financial_Reporting,Corporate_HQ,Support,7.0,Urban,Small,Autonomous,2.0,2.0,Other,Other,Restructuring,Internal_Audit,1.0,20.0,1.0,0.0,1.0,0.0,0.0,0.0,0.0,1.0,0.0,3.0,1.0,2.0,1.0,1.0,1.0,8.0,55.0,45.0,50.0,24.0
DEPT-8429,Legacy Department,Financial_Reporting,Corporate_HQ,,6.0,Urban,,Centralized,0.0,2.0,Other,Other,Merger,Internal_Audit,1.0,20.0,0.0,0.0,0.0,0.0,0.0,0.0,1.0,1.0,0.0,4.0,3.0,2.0,2.0,4.0,5.0,0.0,55.0,60.0,55.0,
DEPT-6192,Advanced Sector,Financial_Reporting,Corporate_HQ,Operations,,Urban,Small,Centralized,4.0,3.0,Compliance,Operations,Regulation,Internal_Audit,2.0,20.0,0.0,0.0,0.0,0.0,1.0,,,1.0,0.0,,2.0,3.0,1.0,2.0,,0.0,50.0,50.0,50.0,15.0
DEPT-6321,Ethics and Compliance - Tactical Region,Financial_Reporting,Corporate_HQ,Operations,5.0,Urban,Large,Centralized,4.0,0.0,Compliance,Other,Regulation,Internal_Audit,,80.0,0.0,0.0,0.0,0.0,1.0,1.0,1.0,1.0,,3.0,4.0,3.0,1.0,1.0,1.0,0.0,60.0,55.0,55.0,10.0
DEPT-1177,Advanced Office,Financial_Reporting,Regional_Operations,Operations,6.0,International,Small,Centralized,1.0,1.0,Operations,Compliance,Expansion,Board_Committee,2.0,84.0,3.0,1.0,0.0,1.0,1.0,0.0,1.0,0.0,0.0,4.0,5.0,3.0,2.0,1.0,5.0,27.0,54.2,,65.6,58.5
DEPT-6557,Metro Financial Controls,Financial_Reporting,Corporate_HQ,Operations,6.0,Remote,Large,Centralized,,2.0,Compliance,Operations,Merger,Internal_Audit,1.0,20.0,0.0,0.0,1.0,0.0,,1.0,1.0,1.0,1.0,4.0,,3.0,3.0,4.0,3.0,8.0,50.0,45.0,55.0,39.0
DEPT-7028,Tactical Regulatory Affairs,Financial_Reporting,Corporate_HQ,Operations,6.0,Urban,,Centralized,2.0,1.0,Administrative,,Regulation,Internal_Audit,4.0,20.0,0.0,0.0,0.0,0.0,0.0,1.0,1.0,0.0,0.0,3.0,2.0,1.0,1.0,1.0,2.0,4.0,45.0,45.0,55.0,12.0
DEPT-3484,Audit Services - Emerging Region,Financial_Reporting,Corporate_HQ,Support,6.0,Urban,,Centralized,3.0,3.0,Other,Other,Restructuring,Internal_Audit,1.0,,0.0,0.0,1.0,,0.0,1.0,1.0,1.0,1.0,4.0,3.0,3.0,1.0,3.0,4.0,2.0,45.0,55.0,55.0,21.0
DEPT-5218,Digital Solutions,Financial_Reporting,Regional_Operations,,10.0,Remote,Large,,1.0,0.0,Administrative,Other,Innovation,External_Auditor,5.0,44.0,1.0,0.0,1.0,0.0,1.0,0.0,0.0,0.0,0.0,,2.0,1.0,,2.0,2.0,7.0,66.0,71.6,72.7,43.5
DEPT-2460,Quality Assurance - East Region,Financial_Reporting,Corporate_HQ,Operations,5.0,Urban,Large,Centralized,4.0,4.0,Finance,Operations,Restructuring,Internal_Audit,1.0,40.0,0.0,0.0,1.0,1.0,0.0,0.0,1.0,1.0,0.0,5.0,4.0,2.0,3.0,4.0,5.0,0.0,50.0,55.0,55.0,35.0
DEPT-3404,Emerging Solutions,Financial_Reporting,Corporate_HQ,Support,6.0,Urban,Small,Centralized,2.0,2.0,Other,Administrative,Regulation,External_Auditor,2.0,40.0,1.0,1.0,,0.0,1.0,,1.0,1.0,0.0,4.0,3.0,3.0,2.0,2.0,5.0,14.0,50.0,55.0,55.0,37.0
DEPT-1953,South Office,Financial_Reporting,Corporate_HQ,Support,6.0,Urban,Small,Centralized,4.0,4.0,,Compliance,,Internal_Audit,1.0,40.0,0.0,0.0,1.0,0.0,0.0,1.0,1.0,1.0,0.0,4.0,5.0,2.0,1.0,2.0,3.0,0.0,55.0,50.0,55.0,15.0
DEPT-2656,Strategic Quality Assurance,Financial_Reporting,Corporate_HQ,Legal,8.0,Urban,Large,Centralized,2.0,2.0,Other,Other,Regulation,Internal_Audit,1.0,20.0,0.0,0.0,1.0,0.0,1.0,1.0,1.0,1.0,1.0,4.0,3.0,5.0,2.0,4.0,5.0,2.0,50.0,50.0,50.0,31.0
DEPT-5313,Quality Assurance - Alpha Region,Financial_Reporting,Corporate_HQ,Support,6.0,Urban,Large,Autonomous,3.0,3.0,Other,Other,Regulation,Compliance_Officer,2.0,20.0,0.0,0.0,1.0,0.0,1.0,0.0,1.0,1.0,1.0,,3.0,2.0,,1.0,5.0,4.0,45.0,45.0,50.0,12.0
DEPT-6883,Regulatory Affairs - Strategic Region,Risk_Management,Corporate_HQ,Operations,8.0,Suburban,Small,Centralized,4.0,0.0,Legal,Administrative,,,3.0,40.0,4.0,,0.0,1.0,0.0,1.0,1.0,1.0,1.0,3.0,3.0,2.0,2.0,2.0,4.0,14.0,77.6,79.5,79.8,67.0
DEPT-5560,South Compliance,Financial_Reporting,Corporate_HQ,Operations,7.0,Urban,Large,Centralized,2.0,1.0,Other,Other,,,1.0,20.0,0.0,0.0,1.0,0.0,0.0,1.0,1.0,1.0,0.0,5.0,4.0,,1.0,2.0,5.0,22.0,45.0,35.0,30.0,26.0
DEPT-3427,Strategic Financial Controls,Risk_Management,Corporate_HQ,Operations,15.0,Remote,Small,Hybrid,4.0,1.0,Finance,Administrative,Regulation,External_Auditor,5.0,89.0,2.0,0.0,0.0,0.0,1.0,0.0,0.0,1.0,1.0,3.0,2.0,5.0,,,1.0,30.0,52.7,54.1,54.3,
DEPT-7719,Elite Regulatory Affairs,Financial_Reporting,Corporate_HQ,Support,7.0,Urban,Small,Autonomous,2.0,1.0,Other,Other,Regulation,Internal_Audit,3.0,20.0,0.0,,1.0,0.0,0.0,1.0,1.0,1.0,0.0,3.0,2.0,2.0,1.0,2.0,5.0,,,50.0,55.0,19.0
DEPT-4589,West Quality Assurance,Financial_Reporting,Corporate_HQ,Operations,,Urban,Small,Centralized,4.0,4.0,Compliance,Other,Restructuring,Compliance_Officer,,20.0,0.0,0.0,1.0,0.0,0.0,0.0,1.0,,1.0,5.0,4.0,3.0,2.0,4.0,5.0,8.0,50.0,55.0,55.0,34.0
DEPT-4544,Audit Services - Metro Region,Financial_Reporting,Corporate_HQ,Operations,5.0,Remote,Large,Centralized,4.0,4.0,Other,Other,Restructuring,External_Auditor,4.0,,0.0,,1.0,0.0,1.0,1.0,1.0,1.0,1.0,1.0,3.0,5.0,3.0,5.0,1.0,8.0,60.0,50.0,55.0,
DEPT-3465,Internal Controls - Global Region,Financial_Reporting,Corporate_HQ,Support,5.0,Remote,Large,Centralized,2.0,4.0,Operations,Finance,Regulation,Internal_Audit,,60.0,0.0,1.0,1.0,0.0,1.0,,1.0,1.0,0.0,4.0,,2.0,1.0,1.0,,2.0,50.0,55.0,50.0,11.0
DEPT-2954,Strategic Unit,Financial_Reporting,Corporate_HQ,Support,5.0,Urban,Large,Centralized,3.0,2.0,Finance,Operations,Restructuring,External_Auditor,1.0,40.0,1.0,0.0,1.0,0.0,0.0,1.0,1.0,1.0,0.0,3.0,3.0,,1.0,,3.0,2.0,55.0,55.0,55.0,
DEPT-1472,East Audit Services,Financial_Reporting,Corporate_HQ,,9.0,,,Centralized,2.0,2.0,Operations,Operations,Restructuring,Internal_Audit,1.0,40.0,0.0,0.0,,0.0,,1.0,1.0,1.0,0.0,4.0,3.0,3.0,1.0,1.0,5.0,0.0,50.0,50.0,55.0,10.0
DEPT-9093,Process Excellence - Regional Region,Financial_Reporting,Corporate_HQ,Support,5.0,Urban,,Centralized,3.0,,Operations,Other,,Internal_Audit,1.0,40.0,0.0,0.0,1.0,0.0,0.0,1.0,,1.0,0.0,4.0,4.0,4.0,1.0,1.0,5.0,4.0,60.0,55.0,55.0,12.0
DEPT-9271,Metro Ethics and Compliance,Financial_Reporting,Corporate_HQ,Operations,8.0,Urban,Large,Centralized,2.0,2.0,Operations,Other,,,1.0,40.0,0.0,0.0,1.0,0.0,1.0,1.0,1.0,1.0,0.0,4.0,4.0,4.0,2.0,4.0,5.0,10.0,60.0,55.0,55.0,35.0
DEPT-9776,Regulatory Affairs - Legacy Region,Financial_Reporting,Corporate_HQ,Operations,7.0,Urban,Large,,4.0,4.0,,Compliance,Regulation,Internal_Audit,1.0,20.0,0.0,0.0,1.0,0.0,1.0,0.0,1.0,1.0,0.0,4.0,,1.0,1.0,2.0,5.0,6.0,50.0,40.0,45.0,18.0
DEPT-7715,Legacy Quality Assurance,Financial_Reporting,Corporate_HQ,,7.0,Urban,Large,Centralized,3.0,2.0,Operations,Operations,Regulation,,1.0,,3.0,0.0,1.0,1.0,1.0,1.0,1.0,1.0,0.0,5.0,5.0,5.0,2.0,4.0,5.0,2.0,40.0,40.0,35.0,
DEPT-5023,Central Division,Financial_Reporting,Corporate_HQ,Support,6.0,Urban,Large,Centralized,1.0,1.0,,Operations,Regulation,External_Auditor,4.0,20.0,0.0,1.0,1.0,0.0,,0.0,1.0,1.0,1.0,5.0,5.0,5.0,5.0,5.0,5.0,0.0,50.0,50.0,80.0,50.0
DEPT-5086,South Branch,Financial_Reporting,Corporate_HQ,Operations,6.0,Urban,Large,Centralized,4.0,4.0,Compliance,Compliance,Restructuring,Internal_Audit,1.0,40.0,0.0,0.0,1.0,1.0,1.0,1.0,1.0,1.0,1.0,4.0,4.0,5.0,5.0,5.0,5.0,4.0,60.0,55.0,60.0,52.0
DEPT-6383,Tactical Quality Assurance,Financial_Reporting,Corporate_HQ,Support,8.0,,Small,Centralized,2.0,2.0,Administrative,Operations,Regulation,Internal_Audit,,40.0,1.0,0.0,1.0,0.0,,,,1.0,1.0,5.0,3.0,1.0,1.0,1.0,5.0,16.0,45.0,40.0,50.0,
DEPT-5543,Innovation Audit Services,Financial_Reporting,Corporate_HQ,Support,3.0,Remote,Large,Autonomous,0.0,2.0,Operations,Operations,Restructuring,,1.0,29.0,1.0,1.0,1.0,,0.0,1.0,1.0,1.0,0.0,4.0,,2.0,3.0,5.0,2.0,1.0,85.0,77.7,71.2,50.5
DEPT-6007,Elite Branch,Financial_Reporting,Corporate_HQ,Operations,5.0,Urban,Small,Centralized,1.0,,Other,Other,Regulation,Internal_Audit,2.0,,0.0,0.0,0.0,0.0,1.0,1.0,1.0,0.0,0.0,4.0,4.0,4.0,2.0,4.0,5.0,2.0,40.0,45.0,50.0,31.0
DEPT-7646,Regulatory Affairs - East Region,Financial_Reporting,Corporate_HQ,Operations,,Urban,Small,Centralized,2.0,1.0,Operations,Other,Regulation,Internal_Audit,3.0,,1.0,0.0,0.0,0.0,1.0,0.0,0.0,1.0,0.0,4.0,4.0,5.0,4.0,4.0,5.0,4.0,55.0,50.0,55.0,52.0
DEPT-5592,Alpha Sector,Financial_Reporting,Corporate_HQ,Operations,8.0,Urban,Small,Centralized,1.0,1.0,Other,Other,,Internal_Audit,1.0,20.0,2.0,0.0,0.0,0.0,0.0,1.0,0.0,1.0,1.0,2.0,3.0,5.0,,5.0,4.0,0.0,55.0,45.0,0.0,55.0
DEPT-3558,East Department,Financial_Reporting,Corporate_HQ,,5.0,Remote,Large,Centralized,2.0,1.0,Finance,Operations,Expansion,Internal_Audit,,40.0,0.0,0.0,0.0,0.0,1.0,1.0,1.0,1.0,1.0,5.0,,2.0,1.0,1.0,,4.0,50.0,45.0,50.0,12.0
DEPT-2377,Prime Services,Financial_Reporting,Corporate_HQ,,,Urban,Small,Autonomous,4.0,4.0,Compliance,Finance,Expansion,Internal_Audit,1.0,40.0,,,1.0,0.0,0.0,,1.0,0.0,0.0,4.0,1.0,3.0,3.0,5.0,5.0,6.0,45.0,45.0,50.0,43.0
DEPT-9204,Innovation Financial Controls,Financial_Reporting,Regional_Operations,Support,7.0,Urban,Medium,Autonomous,3.0,1.0,Legal,Other,Restructuring,External_Auditor,3.0,14.0,,0.0,0.0,,1.0,0.0,,1.0,0.0,2.0,5.0,,3.0,5.0,2.0,16.0,75.8,81.4,82.5,98.0
DEPT-7965,Innovation Audit Services,Financial_Reporting,Corporate_HQ,Support,,,Large,Centralized,1.0,2.0,Other,Other,Regulation,Internal_Audit,1.0,20.0,0.0,0.0,0.0,0.0,0.0,,0.0,,0.0,5.0,,5.0,1.0,2.0,5.0,4.0,60.0,55.0,55.0,
DEPT-9849,Regulatory Affairs - Metro Region,Financial_Reporting,Corporate_HQ,Support,,Remote,Large,Centralized,3.0,4.0,Administrative,Other,Regulation,Internal_Audit,3.0,40.0,0.0,0.0,0.0,0.0,0.0,1.0,1.0,0.0,0.0,5.0,4.0,5.0,2.0,4.0,5.0,2.0,50.0,45.0,50.0,31.0
DEPT-4465,Advanced Team,Financial_Reporting,Corporate_HQ,Operations,5.0,Urban,Large,Centralized,2.0,,Operations,Operations,Regulation,,1.0,,0.0,1.0,1.0,0.0,0.0,1.0,1.0,1.0,0.0,5.0,4.0,1.0,1.0,1.0,1.0,0.0,45.0,,50.0,10.0
DEPT-9843,Elite Center,Financial_Reporting,Corporate_HQ,Operations,9.0,Remote,Small,,2.0,1.0,Administrative,Operations,Regulation,Internal_Audit,2.0,60.0,,0.0,0.0,0.0,1.0,1.0,1.0,1.0,1.0,4.0,3.0,,1.0,1.0,5.0,,45.0,50.0,55.0,20.0
DEPT-6200,Business Integrity - Beta Region,Financial_Reporting,Corporate_HQ,Operations,5.0,Urban,Large,Autonomous,4.0,4.0,,Operations,Expansion,,1.0,80.0,0.0,0.0,,0.0,1.0,0.0,1.0,1.0,1.0,1.0,3.0,3.0,5.0,5.0,3.0,0.0,55.0,60.0,60.0,50.0
DEPT-1673,Innovation Operations,Financial_Reporting,Corporate_HQ,Finance,7.0,Remote,Small,Centralized,1.0,1.0,Other,Operations,Regulation,,4.0,40.0,0.0,0.0,0.0,,1.0,1.0,0.0,,1.0,5.0,3.0,5.0,,5.0,,0.0,40.0,40.0,40.0,30.0
DEPT-3385,Strategic Governance,Financial_Reporting,Corporate_HQ,Support,8.0,Urban,Large,,2.0,,Other,Other,Regulation,Compliance_Officer,2.0,60.0,0.0,0.0,1.0,0.0,0.0,0.0,1.0,1.0,1.0,4.0,4.0,,1.0,1.0,3.0,10.0,60.0,50.0,55.0,15.0
DEPT-2124,Emerging Compliance,Financial_Reporting,Corporate_HQ,Operations,6.0,Urban,Large,Centralized,1.0,3.0,Administrative,Operations,Regulation,External_Auditor,1.0,20.0,1.0,0.0,0.0,0.0,0.0,1.0,0.0,1.0,0.0,5.0,3.0,3.0,,4.0,2.0,2.0,45.0,40.0,40.0,36.0
DEPT-7804,Strategic Internal Controls,Financial_Reporting,Corporate_HQ,,6.0,Urban,Large,Centralized,3.0,4.0,Administrative,Other,Regulation,Internal_Audit,1.0,40.0,0.0,0.0,,0.0,0.0,,1.0,1.0,0.0,2.0,4.0,3.0,1.0,2.0,3.0,14.0,60.0,55.0,55.0,22.0
DEPT-4706,Emerging Quality Assurance,Financial_Reporting,Corporate_HQ,Operations,6.0,Urban,,Centralized,,2.0,Other,Other,Expansion,Internal_Audit,2.0,40.0,0.0,0.0,1.0,0.0,1.0,,1.0,1.0,0.0,5.0,4.0,4.0,2.0,4.0,5.0,2.0,50.0,50.0,50.0,31.0
DEPT-1799,Prime Governance,Financial_Reporting,Corporate_HQ,Support,7.0,Urban,Large,Centralized,1.0,1.0,Other,Operations,Regulation,External_Auditor,1.0,40.0,,0.0,,0.0,0.0,1.0,1.0,0.0,0.0,4.0,3.0,4.0,1.0,2.0,5.0,4.0,55.0,50.0,55.0,17.0
DEPT-2475,Beta Quality Assurance,Financial_Reporting,Corporate_HQ,Technology,7.0,Urban,Small,Centralized,2.0,2.0,Other,Other,Restructuring,External_Auditor,1.0,40.0,0.0,0.0,0.0,0.0,1.0,0.0,1.0,1.0,1.0,4.0,4.0,2.0,5.0,5.0,,0.0,80.0,80.0,80.0,50.0
DEPT-8278,Premier Division,Financial_Reporting,Corporate_HQ,Operations,8.0,Urban,Large,Centralized,2.0,1.0,Operations,Operations,Merger,Internal_Audit,1.0,20.0,2.0,0.0,0.0,,0.0,0.0,,1.0,0.0,,2.0,5.0,2.0,5.0,5.0,4.0,35.0,40.0,30.0,
DEPT-2852,Strategic Compliance,Financial_Reporting,Corporate_HQ,Operations,8.0,Urban,Large,Centralized,1.0,2.0,Administrative,,Restructuring,Compliance_Officer,2.0,20.0,0.0,0.0,0.0,0.0,0.0,0.0,0.0,,0.0,3.0,4.0,4.0,2.0,4.0,,10.0,50.0,50.0,55.0,35.0
DEPT-2408,West Audit Services,Financial_Reporting,Corporate_HQ,Support,6.0,Urban,Large,,2.0,2.0,Other,Other,Restructuring,Internal_Audit,1.0,20.0,1.0,0.0,0.0,0.0,,1.0,1.0,0.0,0.0,5.0,3.0,4.0,1.0,1.0,5.0,12.0,65.0,55.0,55.0,26.0
DEPT-4005,Central Internal Controls,Financial_Reporting,Corporate_HQ,Technology,11.0,,Medium,Centralized,,3.0,Compliance,Compliance,Innovation,Board_Committee,1.0,49.0,5.0,1.0,0.0,,1.0,0.0,0.0,,1.0,,1.0,,1.0,,1.0,8.0,69.3,72.0,72.6,84.0
DEPT-7177,Core Group,Financial_Reporting,Corporate_HQ,Technology,7.0,Remote,Large,Centralized,1.0,2.0,Administrative,Other,Restructuring,Internal_Audit,1.0,40.0,0.0,0.0,0.0,0.0,0.0,1.0,1.0,0.0,0.0,3.0,1.0,3.0,1.0,5.0,3.0,6.0,45.0,45.0,50.0,33.0
DEPT-1777,Central Center,Financial_Reporting,Corporate_HQ,Operations,6.0,Urban,Large,Centralized,3.0,4.0,Other,Other,Regulation,External_Auditor,3.0,20.0,1.0,0.0,1.0,0.0,1.0,0.0,1.0,1.0,0.0,3.0,4.0,5.0,2.0,4.0,2.0,4.0,45.0,45.0,50.0,42.0
DEPT-7130,Global Financial Controls,Financial_Reporting,Corporate_HQ,Operations,5.0,Urban,Large,Centralized,4.0,3.0,Compliance,Other,,Internal_Audit,,40.0,0.0,,1.0,0.0,1.0,1.0,1.0,1.0,0.0,4.0,,3.0,2.0,3.0,5.0,0.0,55.0,55.0,55.0,
DEPT-9552,Prime Team,Financial_Reporting,Corporate_HQ,Support,5.0,Remote,Small,Centralized,2.0,2.0,Finance,Operations,Expansion,Internal_Audit,2.0,40.0,,1.0,1.0,0.0,0.0,1.0,1.0,1.0,0.0,,,3.0,1.0,3.0,,0.0,55.0,50.0,55.0,20.0
DEPT-5005,Internal Controls - Beta Region,Financial_Reporting,Corporate_HQ,Operations,6.0,,,Centralized,2.0,2.0,Operations,Other,Expansion,External_Auditor,2.0,40.0,0.0,0.0,0.0,0.0,1.0,0.0,1.0,1.0,0.0,4.0,4.0,2.0,1.0,1.0,3.0,6.0,60.0,50.0,55.0,13.0
DEPT-4499,Global Financial Controls,Financial_Reporting,Corporate_HQ,Operations,5.0,Urban,Large,Centralized,3.0,4.0,Operations,Operations,Restructuring,,1.0,20.0,0.0,1.0,0.0,0.0,0.0,1.0,1.0,1.0,0.0,5.0,,5.0,3.0,2.0,5.0,2.0,45.0,45.0,45.0,26.0
DEPT-8322,Advanced Division,Financial_Reporting,Corporate_HQ,Support,8.0,Urban,Large,Autonomous,4.0,,Administrative,Compliance,Regulation,Internal_Audit,,40.0,0.0,1.0,0.0,0.0,0.0,1.0,1.0,0.0,,4.0,3.0,4.0,1.0,1.0,3.0,4.0,0.0,55.0,55.0,12.0
DEPT-2114,Tactical Compliance,Financial_Reporting,Corporate_HQ,Operations,9.0,Remote,Large,Centralized,,,Other,Operations,Expansion,External_Auditor,1.0,40.0,0.0,0.0,0.0,0.0,1.0,1.0,1.0,0.0,1.0,,5.0,3.0,1.0,2.0,5.0,0.0,50.0,50.0,55.0,15.0
DEPT-8383,Internal Controls - East Region,Financial_Reporting,Corporate_HQ,Support,,Remote,,Autonomous,3.0,2.0,Other,Operations,Restructuring,Internal_Audit,2.0,40.0,0.0,0.0,0.0,0.0,0.0,0.0,0.0,1.0,1.0,4.0,1.0,,1.0,1.0,5.0,15.0,60.0,45.0,50.0,17.5
DEPT-1183,Premier Solutions,Financial_Reporting,Corporate_HQ,,7.0,Urban,Large,Centralized,,,Administrative,Other,Regulation,Internal_Audit,1.0,40.0,0.0,1.0,0.0,0.0,0.0,0.0,1.0,0.0,1.0,4.0,3.0,2.0,1.0,1.0,4.0,10.0,50.0,45.0,50.0,15.0
DEPT-4854,Financial Controls - Emerging Region,Operational_Compliance,Corporate_HQ,Legal,4.0,Urban,Medium,Autonomous,,4.0,Administrative,Legal,Merger,Internal_Audit,3.0,31.0,,0.0,0.0,1.0,0.0,0.0,1.0,0.0,0.0,2.0,,2.0,,4.0,,2.0,,54.8,55.1,71.0
DEPT-8245,Premier Sector,Financial_Reporting,Corporate_HQ,Support,6.0,Remote,Large,,1.0,1.0,Other,Operations,Expansion,,2.0,20.0,0.0,0.0,1.0,0.0,1.0,1.0,1.0,0.0,1.0,3.0,3.0,3.0,,2.0,1.0,8.0,60.0,55.0,55.0,19.0
DEPT-1096,Metro Unit,Financial_Reporting,Regional_Operations,Finance,,International,Large,Centralized,1.0,0.0,,Finance,Innovation,External_Auditor,5.0,83.0,4.0,1.0,0.0,0.0,1.0,0.0,0.0,0.0,0.0,5.0,5.0,1.0,4.0,4.0,2.0,,51.1,51.0,51.0,88.0
DEPT-1455,Central Ethics and Compliance,Risk_Management,Regional_Operations,Support,14.0,,Large,Autonomous,0.0,4.0,,Operations,Expansion,Board_Committee,,28.0,4.0,1.0,1.0,1.0,1.0,1.0,1.0,1.0,1.0,4.0,,1.0,5.0,4.0,4.0,,85.5,91.7,93.3,97.5
DEPT-2348,Global Audit Services,Financial_Reporting,Corporate_HQ,Operations,6.0,Urban,Large,Centralized,,,Operations,,Merger,,1.0,20.0,0.0,1.0,1.0,0.0,1.0,1.0,,1.0,0.0,,5.0,5.0,5.0,5.0,,12.0,45.0,45.0,40.0,56.0
DEPT-3120,Governance - Core Region,Financial_Reporting,Corporate_HQ,Operations,9.0,Urban,Large,Centralized,4.0,2.0,Finance,Other,Regulation,Internal_Audit,2.0,40.0,0.0,,1.0,0.0,1.0,1.0,1.0,1.0,1.0,,4.0,4.0,1.0,1.0,1.0,9.0,55.0,50.0,50.0,14.5
DEPT-1584,Innovation Regulatory Affairs,Financial_Reporting,Corporate_HQ,Operations,7.0,,Large,,3.0,2.0,Operations,Operations,Regulation,Internal_Audit,2.0,20.0,3.0,0.0,1.0,0.0,,0.0,0.0,,0.0,4.0,5.0,2.0,1.0,1.0,2.0,10.0,40.0,35.0,40.0,45.0
DEPT-4352,Financial Controls - North Region,Risk_Management,Regional_Operations,Finance,,,Small,Autonomous,3.0,1.0,Technology,Compliance,Expansion,Internal_Audit,2.0,63.0,2.0,,1.0,1.0,0.0,0.0,1.0,,0.0,1.0,5.0,3.0,,5.0,3.0,16.0,66.2,65.7,65.6,78.0
DEPT-9975,Tactical Department,Financial_Reporting,Corporate_HQ,Operations,5.0,Urban,Large,Centralized,4.0,3.0,Compliance,Operations,Regulation,External_Auditor,2.0,80.0,,1.0,1.0,0.0,0.0,1.0,1.0,1.0,0.0,2.0,2.0,,1.0,1.0,3.0,6.0,45.0,55.0,55.0,13.0
DEPT-1439,Digital Business Integrity,Financial_Reporting,Corporate_HQ,Support,6.0,Urban,Large,Centralized,2.0,2.0,Other,Other,Restructuring,Internal_Audit,1.0,40.0,,,,0.0,0.0,1.0,1.0,1.0,1.0,5.0,4.0,,1.0,1.0,5.0,0.0,60.0,55.0,55.0,10.0
DEPT-9516,Advanced Risk Management,Operational_Compliance,Corporate_HQ,Legal,9.0,Urban,Small,Centralized,3.0,1.0,Other,Compliance,Expansion,Compliance_Officer,2.0,59.0,4.0,0.0,1.0,1.0,,1.0,1.0,,1.0,5.0,2.0,2.0,4.0,5.0,4.0,,53.3,51.4,51.1,96.0
DEPT-5329,Regional Quality Assurance,Risk_Management,Regional_Operations,,12.0,Urban,,Centralized,4.0,2.0,Legal,Operations,,Board_Committee,4.0,81.0,5.0,1.0,0.0,0.0,0.0,0.0,1.0,1.0,0.0,3.0,5.0,4.0,5.0,4.0,5.0,24.0,90.3,94.1,,107.0
DEPT-8407,Core Office,Operational_Compliance,Regional_Operations,Support,13.0,International,Small,Centralized,0.0,3.0,,Legal,Merger,Internal_Audit,1.0,92.0,0.0,1.0,0.0,1.0,1.0,0.0,0.0,1.0,1.0,3.0,1.0,1.0,5.0,4.0,3.0,30.0,79.5,82.2,82.8,60.0
DEPT-1856,Elite Compliance,Financial_Reporting,Corporate_HQ,Operations,8.0,Urban,Small,Centralized,3.0,1.0,Operations,Operations,Regulation,Internal_Audit,2.0,20.0,0.0,0.0,0.0,0.0,1.0,1.0,1.0,,1.0,3.0,3.0,4.0,4.0,5.0,4.0,,55.0,55.0,60.0,46.0
DEPT-6859,Innovation Risk Management,Financial_Reporting,Corporate_HQ,Operations,6.0,Urban,Large,Centralized,3.0,3.0,Other,Operations,Regulation,External_Auditor,1.0,40.0,1.0,0.0,1.0,,0.0,1.0,1.0,1.0,1.0,4.0,5.0,5.0,4.0,4.0,5.0,0.0,50.0,50.0,5.0,50.0
DEPT-2665,West Ethics and Compliance,Risk_Management,Regional_Operations,Support,3.0,International,Small,Autonomous,3.0,0.0,Legal,Other,Regulation,External_Auditor,5.0,94.0,1.0,1.0,0.0,1.0,1.0,1.0,0.0,1.0,0.0,3.0,2.0,2.0,3.0,,1.0,10.0,51.3,55.2,56.0,
DEPT-2762,Emerging Regulatory Affairs,Financial_Reporting,Corporate_HQ,Technology,7.0,,Large,,2.0,2.0,Other,Other,Restructuring,External_Auditor,2.0,20.0,0.0,0.0,,0.0,0.0,1.0,,,0.0,4.0,4.0,4.0,2.0,3.0,4.0,8.0,40.0,40.0,45.0,29.0
DEPT-3258,Governance - North Region,Financial_Reporting,Corporate_HQ,,7.0,Remote,Small,Centralized,1.0,2.0,,,Expansion,Internal_Audit,1.0,20.0,,0.0,0.0,0.0,,1.0,1.0,0.0,0.0,2.0,2.0,2.0,3.0,,5.0,14.0,45.0,40.0,50.0,67.0
DEPT-5366,Regulatory Affairs - Alpha Region,Financial_Reporting,Corporate_HQ,Support,6.0,,,Centralized,1.0,1.0,Administrative,Administrative,Regulation,Internal_Audit,,20.0,0.0,0.0,,0.0,0.0,1.0,1.0,1.0,0.0,3.0,4.0,,3.0,3.0,1.0,4.0,50.0,55.0,55.0,32.0
DEPT-2968,Core Compliance,Financial_Reporting,Corporate_HQ,Support,5.0,Urban,Small,Autonomous,3.0,,Other,Other,Restructuring,Internal_Audit,1.0,40.0,0.0,1.0,0.0,0.0,1.0,1.0,1.0,1.0,1.0,5.0,3.0,2.0,1.0,1.0,1.0,0.0,50.0,55.0,55.0,
DEPT-1934,Quality Assurance - Prime Region,Financial_Reporting,Corporate_HQ,Legal,7.0,Urban,Small,Centralized,1.0,1.0,Finance,Other,,Internal_Audit,2.0,,1.0,0.0,1.0,0.0,1.0,1.0,1.0,1.0,0.0,4.0,4.0,,1.0,2.0,,0.0,45.0,50.0,50.0,25.0
DEPT-2308,Global Division,Financial_Reporting,Corporate_HQ,,6.0,Urban,Small,Centralized,1.0,,Finance,Operations,Regulation,Internal_Audit,2.0,20.0,2.0,0.0,0.0,0.0,0.0,0.0,1.0,1.0,0.0,4.0,4.0,5.0,3.0,5.0,5.0,0.0,45.0,40.0,50.0,60.0
DEPT-2438,Tactical Quality Assurance,Financial_Reporting,Corporate_HQ,,8.0,Remote,,Centralized,,3.0,Other,Operations,Regulation,Internal_Audit,1.0,40.0,,0.0,1.0,,0.0,1.0,1.0,1.0,1.0,4.0,3.0,3.0,1.0,3.0,,8.0,,45.0,50.0,24.0
DEPT-5376,Innovation Process Excellence,Financial_Reporting,Corporate_HQ,Support,,,Large,Centralized,3.0,2.0,Operations,Operations,Expansion,External_Auditor,1.0,40.0,1.0,1.0,,0.0,0.0,1.0,0.0,,0.0,3.0,3.0,3.0,,3.0,3.0,0.0,45.0,40.0,50.0,45.0
DEPT-6976,Innovation Financial Controls,Financial_Reporting,Corporate_HQ,Support,8.0,,,Centralized,3.0,3.0,Other,Other,Regulation,Internal_Audit,2.0,20.0,1.0,,,0.0,0.0,1.0,,,0.0,4.0,1.0,1.0,1.0,1.0,3.0,14.0,40.0,35.0,35.0,27.0
DEPT-2507,Process Excellence - Tactical Region,Risk_Management,Regional_Operations,Support,6.0,,Medium,Autonomous,1.0,3.0,Operations,Administrative,Expansion,Internal_Audit,1.0,35.0,4.0,0.0,0.0,0.0,0.0,0.0,0.0,,1.0,4.0,1.0,5.0,5.0,1.0,1.0,,86.3,79.3,71.2,72.0
DEPT-4749,Core Ethics and Compliance,Financial_Reporting,Corporate_HQ,Support,7.0,Urban,Large,Centralized,,3.0,Administrative,Other,Regulation,Internal_Audit,1.0,20.0,0.0,0.0,1.0,1.0,,1.0,1.0,1.0,0.0,4.0,2.0,,2.0,5.0,,2.0,55.0,60.0,55.0,36.0
DEPT-8426,Metro Unit,Financial_Reporting,Corporate_HQ,Operations,6.0,Urban,Large,Centralized,2.0,2.0,Other,Other,Regulation,External_Auditor,1.0,40.0,,0.0,,0.0,0.0,1.0,0.0,1.0,0.0,4.0,3.0,5.0,2.0,4.0,4.0,0.0,45.0,50.0,55.0,
DEPT-7830,Legacy Risk Management,Financial_Reporting,Corporate_HQ,Operations,,Urban,Large,Centralized,4.0,3.0,Compliance,Other,Regulation,Internal_Audit,1.0,,0.0,,,0.0,0.0,0.0,1.0,1.0,0.0,4.0,3.0,2.0,1.0,1.0,3.0,2.0,50.0,50.0,55.0,11.0
DEPT-7708,Global Division,Risk_Management,Corporate_HQ,Support,6.0,Urban,Large,Autonomous,0.0,0.0,Technology,Compliance,Regulation,Compliance_Officer,1.0,98.0,5.0,0.0,1.0,1.0,1.0,1.0,1.0,1.0,1.0,3.0,3.0,3.0,3.0,1.0,1.0,29.0,63.9,66.2,66.6,84.5
DEPT-3831,Ethics and Compliance - Emerging Region,Financial_Reporting,Corporate_HQ,Support,5.0,Urban,Small,Autonomous,4.0,,,Other,Regulation,Internal_Audit,1.0,40.0,0.0,1.0,1.0,1.0,1.0,1.0,1.0,1.0,1.0,5.0,2.0,2.0,1.0,1.0,5.0,4.0,50.0,55.0,55.0,12.0
DEPT-1694,Compliance - Innovation Region,Financial_Reporting,Corporate_HQ,Operations,6.0,Remote,Large,Centralized,2.0,2.0,Administrative,Other,Regulation,Internal_Audit,3.0,20.0,0.0,0.0,0.0,0.0,0.0,,1.0,0.0,0.0,4.0,2.0,2.0,1.0,2.0,3.0,4.0,60.0,50.0,55.0,17.0
DEPT-6650,West Business Integrity,Risk_Management,Regional_Operations,Support,5.0,Urban,Large,,0.0,2.0,Legal,Operations,Innovation,Compliance_Officer,4.0,92.0,2.0,0.0,1.0,1.0,0.0,0.0,0.0,,1.0,2.0,,4.0,4.0,,4.0,8.0,77.1,83.1,84.3,69.0
DEPT-7435,Metro Quality Assurance,Operational_Compliance,Corporate_HQ,Technology,14.0,Remote,Large,Centralized,1.0,1.0,Administrative,Other,Innovation,Compliance_Officer,4.0,77.0,3.0,0.0,0.0,0.0,1.0,1.0,1.0,1.0,1.0,2.0,2.0,1.0,2.0,1.0,,5.0,82.7,83.8,84.1,47.5
DEPT-8062,Financial Controls - Alpha Region,Financial_Reporting,Corporate_HQ,,6.0,Urban,Large,Centralized,3.0,3.0,Administrative,Other,Expansion,Compliance_Officer,3.0,40.0,1.0,1.0,1.0,0.0,0.0,0.0,1.0,1.0,0.0,5.0,3.0,3.0,1.0,,2.0,4.0,45.0,55.0,50.0,32.0
DEPT-4759,Prime Branch,Financial_Reporting,Corporate_HQ,Operations,6.0,Remote,Large,Centralized,4.0,3.0,Operations,Other,Expansion,Internal_Audit,2.0,20.0,0.0,1.0,1.0,1.0,1.0,0.0,1.0,1.0,0.0,3.0,3.0,3.0,1.0,1.0,4.0,6.0,45.0,55.0,55.0,13.0
DEPT-6073,Tactical Group,Financial_Reporting,Corporate_HQ,Operations,7.0,Urban,Small,Centralized,4.0,4.0,Operations,Other,Restructuring,Internal_Audit,1.0,40.0,0.0,,1.0,0.0,0.0,1.0,1.0,1.0,,5.0,3.0,5.0,4.0,5.0,3.0,15.0,65.0,60.0,60.0,52.5
DEPT-1752,Elite Ethics and Compliance,Financial_Reporting,Corporate_HQ,,8.0,Urban,Large,Centralized,2.0,2.0,,Operations,Expansion,,1.0,40.0,0.0,0.0,0.0,0.0,0.0,1.0,0.0,1.0,0.0,5.0,5.0,4.0,3.0,5.0,2.0,16.0,40.0,35.0,,48.0
DEPT-4928,Advanced Internal Controls,Financial_Reporting,Corporate_HQ,Support,5.0,Urban,Small,Autonomous,2.0,1.0,Administrative,Other,Restructuring,Internal_Audit,,20.0,,0.0,1.0,0.0,1.0,1.0,0.0,1.0,1.0,4.0,4.0,,1.0,1.0,5.0,0.0,55.0,50.0,50.0,10.0
DEPT-4019,Regulatory Affairs - North Region,Financial_Reporting,Corporate_HQ,Operations,8.0,Urban,,Centralized,2.0,2.0,Other,Other,Restructuring,Internal_Audit,2.0,,,0.0,1.0,1.0,0.0,,1.0,1.0,0.0,,,3.0,5.0,5.0,4.0,9.0,50.0,45.0,50.0,
DEPT-2368,Elite Branch,Risk_Management,Corporate_HQ,Support,9.0,Suburban,Small,Autonomous,,4.0,Technology,Administrative,Innovation,External_Auditor,5.0,74.0,4.0,0.0,0.0,1.0,0.0,1.0,0.0,0.0,0.0,4.0,2.0,4.0,,2.0,1.0,18.0,54.1,54.1,54.1,79.0
DEPT-8361,Innovation Governance,Financial_Reporting,Corporate_HQ,Support,9.0,Urban,Small,Autonomous,1.0,1.0,Other,Other,Regulation,Compliance_Officer,3.0,40.0,2.0,0.0,1.0,,0.0,,1.0,1.0,1.0,5.0,3.0,4.0,1.0,1.0,4.0,2.0,,40.0,45.0,31.0
DEPT-4235,Process Excellence - Emerging Region,Financial_Reporting,Corporate_HQ,Operations,7.0,Remote,,Centralized,3.0,2.0,Other,Other,Regulation,Internal_Audit,2.0,40.0,,1.0,1.0,0.0,0.0,1.0,1.0,1.0,,4.0,4.0,4.0,1.0,4.0,3.0,4.0,,30.0,40.0,47.0
DEPT-1588,Quality Assurance - Advanced Region,Financial_Reporting,Regional_Operations,Operations,2.0,International,Medium,Autonomous,4.0,3.0,Administrative,,Innovation,Compliance_Officer,3.0,26.0,5.0,0.0,1.0,1.0,1.0,1.0,0.0,1.0,0.0,3.0,4.0,3.0,4.0,,3.0,0.0,90.3,89.8,94.0,85.0
DEPT-9035,Digital Ethics and Compliance,Financial_Reporting,Corporate_HQ,Operations,6.0,Urban,Large,Centralized,4.0,3.0,Compliance,Other,Restructuring,Internal_Audit,1.0,40.0,0.0,0.0,1.0,1.0,1.0,,1.0,1.0,,3.0,4.0,3.0,2.0,3.0,3.0,4.0,55.0,50.0,55.0,27.0
DEPT-5544,Advanced Process Excellence,Financial_Reporting,Regional_Operations,Technology,,Remote,Small,Hybrid,2.0,4.0,Administrative,Compliance,Regulation,Compliance_Officer,1.0,50.0,2.0,1.0,0.0,0.0,1.0,1.0,1.0,1.0,0.0,3.0,4.0,,2.0,3.0,2.0,27.0,94.5,87.9,74.4,
DEPT-8325,Ethics and Compliance - Premier Region,Financial_Reporting,Corporate_HQ,Support,6.0,Urban,Large,Centralized,3.0,1.0,Operations,Other,Regulation,Internal_Audit,1.0,80.0,0.0,1.0,1.0,,,1.0,1.0,1.0,0.0,4.0,3.0,3.0,1.0,2.0,,0.0,50.0,45.0,50.0,15.0
DEPT-2037,West Group,Financial_Reporting,Corporate_HQ,Operations,5.0,Remote,Large,Centralized,2.0,3.0,Administrative,Operations,Regulation,Internal_Audit,1.0,40.0,,1.0,0.0,1.0,1.0,,1.0,0.0,0.0,4.0,4.0,4.0,1.0,1.0,1.0,0.0,35.0,40.0,40.0,10.0
DEPT-8087,Governance - Beta Region,Risk_Management,Corporate_HQ,Legal,,Urban,Large,Autonomous,,1.0,Compliance,Finance,Restructuring,Internal_Audit,2.0,,5.0,1.0,1.0,1.0,0.0,0.0,0.0,,1.0,2.0,,2.0,1.0,3.0,3.0,2.0,70.0,75.8,,
DEPT-4401,West Branch,Financial_Reporting,Corporate_HQ,Operations,,Urban,Small,Autonomous,2.0,1.0,,Other,Regulation,Internal_Audit,4.0,20.0,0.0,0.0,0.0,0.0,0.0,1.0,1.0,1.0,0.0,4.0,5.0,5.0,2.0,5.0,5.0,0.0,60.0,55.0,55.0,35.0
DEPT-3553,Tactical Group,Financial_Reporting,Corporate_HQ,Operations,6.0,Urban,Small,Centralized,2.0,2.0,Operations,,Expansion,External_Auditor,,20.0,0.0,0.0,1.0,0.0,1.0,1.0,1.0,,0.0,,3.0,3.0,2.0,2.0,2.0,4.0,60.0,55.0,55.0,22.0
DEPT-2040,Compliance - North Region,Operational_Compliance,Corporate_HQ,Operations,8.0,Urban,,Hybrid,1.0,1.0,Operations,Technology,Innovation,Internal_Audit,2.0,48.0,2.0,1.0,0.0,0.0,1.0,0.0,0.0,1.0,,1.0,1.0,5.0,4.0,1.0,5.0,6.0,77.1,83.1,84.3,48.0
DEPT-2047,Elite Group,Financial_Reporting,Corporate_HQ,Support,5.0,,Large,Centralized,3.0,2.0,Operations,Other,Restructuring,Internal_Audit,2.0,40.0,0.0,1.0,1.0,0.0,0.0,1.0,1.0,1.0,0.0,4.0,3.0,5.0,1.0,1.0,2.0,16.0,55.0,50.0,50.0,18.0
DEPT-8168,Global Process Excellence,Financial_Reporting,Corporate_HQ,Support,6.0,,Large,Centralized,,3.0,Other,Operations,Restructuring,,,40.0,,1.0,1.0,0.0,1.0,,1.0,,0.0,4.0,3.0,3.0,2.0,4.0,5.0,4.0,55.0,55.0,55.0,32.0
DEPT-2477,Central Services,Risk_Management,Corporate_HQ,Finance,6.0,Suburban,,Autonomous,3.0,4.0,Administrative,Other,Regulation,Compliance_Officer,2.0,,1.0,1.0,1.0,1.0,0.0,1.0,1.0,1.0,1.0,2.0,3.0,,2.0,4.0,4.0,3.0,78.2,87.8,89.7,41.5
DEPT-3887,Metro Quality Assurance,Financial_Reporting,Corporate_HQ,Operations,,International,,Hybrid,2.0,2.0,Finance,Compliance,Regulation,External_Auditor,4.0,96.0,5.0,0.0,0.0,0.0,0.0,1.0,1.0,0.0,,4.0,2.0,5.0,3.0,2.0,5.0,,89.2,85.7,85.0,79.0
DEPT-9840,Digital Center,Financial_Reporting,Corporate_HQ,Operations,6.0,Remote,Large,Centralized,3.0,3.0,Operations,Operations,Expansion,Internal_Audit,1.0,20.0,0.0,0.0,1.0,0.0,,1.0,1.0,1.0,0.0,4.0,3.0,2.0,3.0,4.0,5.0,0.0,55.0,50.0,50.0,35.0
DEPT-4342,Central Operations,Financial_Reporting,Corporate_HQ,Support,8.0,Urban,Small,Autonomous,2.0,,Operations,Other,Regulation,Internal_Audit,2.0,40.0,1.0,0.0,1.0,0.0,0.0,1.0,1.0,1.0,0.0,4.0,3.0,3.0,1.0,1.0,3.0,18.0,50.0,50.0,50.0,29.0
DEPT-7142,Elite Business Integrity,Financial_Reporting,Corporate_HQ,Operations,8.0,Urban,Small,Centralized,4.0,4.0,Other,Other,Expansion,,1.0,20.0,0.0,0.0,1.0,0.0,0.0,1.0,1.0,,0.0,4.0,2.0,5.0,3.0,4.0,5.0,2.0,,45.0,55.0,36.0
DEPT-5851,West Services,Financial_Reporting,Corporate_HQ,Support,6.0,Remote,Large,Centralized,3.0,,Operations,Other,Expansion,External_Auditor,1.0,60.0,0.0,1.0,1.0,0.0,1.0,1.0,1.0,1.0,,4.0,1.0,2.0,1.0,1.0,2.0,4.0,55.0,55.0,55.0,
DEPT-4485,Premier Process Excellence,Financial_Reporting,Regional_Operations,Legal,11.0,International,Medium,,0.0,,Operations,Legal,Merger,External_Auditor,1.0,38.0,5.0,1.0,1.0,0.0,0.0,1.0,,0.0,1.0,1.0,1.0,1.0,5.0,4.0,4.0,16.0,,81.5,82.6,
DEPT-2995,Quality Assurance - Beta Region,Risk_Management,Regional_Operations,Technology,,International,Large,Hybrid,4.0,2.0,Finance,Other,Expansion,Internal_Audit,1.0,64.0,1.0,0.0,0.0,1.0,0.0,1.0,0.0,0.0,1.0,4.0,5.0,4.0,4.0,4.0,2.0,16.0,,84.6,,58.0
DEPT-3501,Core Group,Financial_Reporting,Corporate_HQ,Support,7.0,Remote,Small,Autonomous,,4.0,Other,Other,Regulation,Compliance_Officer,4.0,20.0,1.0,0.0,1.0,0.0,0.0,1.0,1.0,1.0,0.0,5.0,5.0,4.0,1.0,1.0,5.0,14.0,45.0,45.0,40.0,27.0
DEPT-9863,Advanced Branch,Financial_Reporting,Corporate_HQ,Compliance,7.0,Remote,Large,,2.0,,Other,Operations,Merger,Internal_Audit,2.0,20.0,0.0,0.0,0.0,0.0,0.0,0.0,0.0,0.0,0.0,5.0,2.0,,1.0,1.0,4.0,0.0,45.0,50.0,50.0,10.0
DEPT-3246,Legacy Services,Financial_Reporting,Corporate_HQ,Support,5.0,Urban,Large,,3.0,3.0,Operations,Operations,Restructuring,Internal_Audit,1.0,,0.0,0.0,0.0,0.0,0.0,0.0,1.0,0.0,1.0,1.0,3.0,2.0,2.0,3.0,1.0,24.0,45.0,40.0,45.0,37.0
DEPT-9040,Elite Process Excellence,Operational_Compliance,Regional_Operations,Finance,2.0,,Medium,Autonomous,2.0,1.0,Legal,Administrative,Merger,Compliance_Officer,3.0,42.0,5.0,0.0,1.0,1.0,,,0.0,1.0,0.0,,5.0,1.0,,4.0,1.0,7.0,51.6,51.0,50.8,98.5
DEPT-5341,Elite Department,Financial_Reporting,Corporate_HQ,Support,9.0,Urban,Large,Centralized,,1.0,Administrative,Other,Regulation,Compliance_Officer,1.0,40.0,,0.0,1.0,0.0,0.0,0.0,0.0,0.0,0.0,3.0,4.0,2.0,1.0,,5.0,0.0,45.0,50.0,55.0,30.0
DEPT-6416,Elite Branch,Financial_Reporting,Corporate_HQ,,10.0,Urban,Large,Autonomous,,2.0,Operations,Other,Regulation,Compliance_Officer,1.0,20.0,2.0,0.0,0.0,0.0,1.0,1.0,1.0,0.0,0.0,5.0,5.0,3.0,1.0,1.0,5.0,0.0,70.0,75.0,75.0,30.0
DEPT-3590,Tactical Audit Services,Financial_Reporting,Corporate_HQ,Operations,6.0,Urban,Small,Centralized,1.0,1.0,Operations,,Regulation,Internal_Audit,1.0,40.0,2.0,0.0,0.0,0.0,0.0,1.0,1.0,0.0,1.0,4.0,4.0,4.0,1.0,3.0,5.0,0.0,50.0,50.0,50.0,40.0
DEPT-9653,Prime Regulatory Affairs,Operational_Compliance,Corporate_HQ,Finance,14.0,Suburban,Small,,0.0,3.0,Legal,Legal,Merger,Compliance_Officer,4.0,63.0,3.0,0.0,0.0,0.0,1.0,0.0,0.0,0.0,0.0,3.0,1.0,2.0,2.0,4.0,4.0,8.0,71.8,76.1,,64.0
DEPT-8925,Beta Internal Controls,Financial_Reporting,Corporate_HQ,Operations,7.0,Urban,Small,Autonomous,4.0,1.0,Operations,Other,Restructuring,Internal_Audit,2.0,20.0,,,0.0,0.0,1.0,,1.0,1.0,1.0,4.0,5.0,4.0,2.0,,,22.0,55.0,55.0,50.0,41.0
DEPT-7787,Process Excellence - East Region,Financial_Reporting,Corporate_HQ,Support,8.0,Urban,Large,Autonomous,3.0,2.0,Other,Operations,Regulation,Compliance_Officer,,60.0,0.0,0.0,1.0,0.0,1.0,0.0,1.0,1.0,1.0,4.0,3.0,3.0,5.0,1.0,5.0,10.0,60.0,55.0,55.0,35.0
DEPT-4703,Beta Office,Financial_Reporting,Corporate_HQ,Support,7.0,Urban,Small,Centralized,3.0,3.0,Other,Other,Expansion,Internal_Audit,1.0,40.0,0.0,0.0,1.0,0.0,,1.0,1.0,1.0,1.0,5.0,3.0,3.0,2.0,3.0,1.0,32.0,,,70.0,41.0
DEPT-3061,Tactical Quality Assurance,Financial_Reporting,Corporate_HQ,Operations,12.0,Urban,Large,Centralized,3.0,1.0,Operations,Operations,Merger,Internal_Audit,1.0,20.0,3.0,0.0,0.0,0.0,,,0.0,1.0,1.0,5.0,4.0,5.0,5.0,5.0,1.0,12.0,35.0,40.0,25.0,86.0
DEPT-8819,North Process Excellence,Financial_Reporting,Corporate_HQ,Support,7.0,Urban,Large,Centralized,3.0,4.0,Administrative,Operations,Restructuring,,1.0,60.0,1.0,0.0,1.0,1.0,0.0,1.0,1.0,1.0,1.0,4.0,4.0,3.0,,4.0,5.0,14.0,40.0,45.0,40.0,52.0
DEPT-7887,Process Excellence - North Region,Operational_Compliance,Corporate_HQ,,12.0,Suburban,Large,Hybrid,3.0,4.0,Compliance,Finance,Restructuring,Compliance_Officer,4.0,,5.0,1.0,1.0,0.0,1.0,1.0,1.0,0.0,0.0,5.0,1.0,5.0,5.0,4.0,1.0,10.0,96.7,92.4,89.2,100.0
DEPT-9598,North Risk Management,Financial_Reporting,Corporate_HQ,Finance,6.0,Remote,Medium,Autonomous,1.0,3.0,Finance,Legal,Expansion,,4.0,,2.0,1.0,,,0.0,1.0,1.0,1.0,0.0,4.0,1.0,2.0,5.0,1.0,4.0,29.0,62.8,60.3,59.8,64.5
DEPT-6589,Regulatory Affairs - North Region,Financial_Reporting,Corporate_HQ,Support,6.0,Urban,Large,,2.0,2.0,Administrative,Other,Restructuring,Internal_Audit,1.0,40.0,1.0,1.0,0.0,0.0,,1.0,1.0,1.0,,3.0,1.0,2.0,1.0,1.0,5.0,,40.0,50.0,50.0,26.0
DEPT-5079,Global Services,Financial_Reporting,Corporate_HQ,Support,7.0,Remote,Small,Centralized,2.0,2.0,Operations,Operations,,Internal_Audit,1.0,60.0,0.0,0.0,1.0,0.0,1.0,1.0,1.0,1.0,0.0,3.0,3.0,2.0,2.0,,3.0,0.0,55.0,55.0,50.0,20.0
DEPT-7472,Elite Governance,Financial_Reporting,Corporate_HQ,Operations,8.0,Urban,Large,Centralized,,2.0,Operations,Other,Regulation,Internal_Audit,2.0,20.0,0.0,0.0,0.0,0.0,0.0,1.0,0.0,1.0,0.0,4.0,4.0,5.0,2.0,,5.0,8.0,35.0,40.0,35.0,34.0
DEPT-4280,Prime Department,Financial_Reporting,Corporate_HQ,,9.0,Remote,Large,Centralized,3.0,2.0,Administrative,Operations,Restructuring,Compliance_Officer,1.0,,,0.0,1.0,0.0,0.0,0.0,1.0,0.0,1.0,5.0,3.0,4.0,,2.0,5.0,0.0,55.0,50.0,50.0,20.0
DEPT-2992,Central Ethics and Compliance,Financial_Reporting,Corporate_HQ,Support,7.0,Remote,Large,Centralized,4.0,4.0,Operations,Operations,Expansion,,2.0,60.0,0.0,0.0,1.0,0.0,1.0,1.0,1.0,1.0,0.0,5.0,3.0,4.0,1.0,1.0,5.0,0.0,35.0,35.0,40.0,10.0
DEPT-2612,Prime Department,Risk_Management,Corporate_HQ,,5.0,,Medium,Autonomous,4.0,1.0,Compliance,Technology,Restructuring,Board_Committee,4.0,41.0,3.0,0.0,0.0,,1.0,0.0,0.0,1.0,,4.0,5.0,1.0,5.0,3.0,4.0,14.0,80.7,68.2,53.6,
DEPT-3298,Innovation Quality Assurance,Financial_Reporting,Corporate_HQ,Operations,8.0,Urban,Small,Centralized,2.0,1.0,Administrative,Other,Regulation,Internal_Audit,4.0,40.0,0.0,1.0,1.0,0.0,1.0,1.0,1.0,1.0,1.0,4.0,3.0,2.0,4.0,5.0,3.0,2.0,45.0,50.0,55.0,46.0
DEPT-6832,Digital Ethics and Compliance,Financial_Reporting,Corporate_HQ,Support,5.0,Urban,Large,Centralized,,3.0,Other,Other,Merger,External_Auditor,2.0,20.0,,0.0,1.0,0.0,1.0,1.0,1.0,0.0,0.0,3.0,5.0,1.0,,1.0,5.0,4.0,55.0,55.0,55.0,12.0
DEPT-4591,Metro Compliance,Financial_Reporting,Corporate_HQ,Support,8.0,,Large,Centralized,1.0,1.0,Administrative,Other,Regulation,Internal_Audit,3.0,20.0,3.0,0.0,1.0,0.0,,0.0,1.0,0.0,0.0,5.0,2.0,5.0,1.0,5.0,4.0,6.0,55.0,50.0,55.0,63.0
DEPT-8270,Central Unit,Risk_Management,Regional_Operations,Finance,10.0,Remote,Large,Centralized,2.0,2.0,,Operations,Expansion,,1.0,100.0,,1.0,0.0,0.0,1.0,0.0,0.0,0.0,0.0,4.0,2.0,3.0,5.0,5.0,2.0,25.0,87.9,87.1,86.9,72.5
DEPT-4539,Beta Operations,Financial_Reporting,Corporate_HQ,Operations,,Urban,Large,Centralized,1.0,2.0,Administrative,Operations,Merger,Compliance_Officer,,40.0,0.0,,0.0,0.0,,0.0,1.0,1.0,0.0,4.0,4.0,4.0,4.0,5.0,5.0,16.0,50.0,55.0,60.0,53.0
DEPT-5849,Alpha Services,Financial_Reporting,Corporate_HQ,Operations,6.0,Urban,Large,Centralized,1.0,2.0,Operations,Operations,Merger,,1.0,,,,1.0,0.0,1.0,1.0,1.0,1.0,1.0,,3.0,3.0,1.0,,3.0,0.0,50.0,45.0,55.0,15.0
DEPT-7890,Regulatory Affairs - Innovation Region,Financial_Reporting,Corporate_HQ,Operations,,Urban,,Centralized,4.0,2.0,Finance,Operations,Merger,Internal_Audit,1.0,20.0,,0.0,0.0,0.0,0.0,1.0,1.0,,0.0,2.0,2.0,4.0,2.0,4.0,,0.0,55.0,55.0,55.0,30.0
DEPT-2746,Beta Sector,Financial_Reporting,Corporate_HQ,Support,,Urban,Large,Centralized,4.0,3.0,Other,Other,Expansion,Internal_Audit,1.0,40.0,0.0,0.0,0.0,0.0,0.0,1.0,1.0,1.0,1.0,3.0,,5.0,2.0,4.0,1.0,,55.0,45.0,50.0,38.0
DEPT-1947,North Division,Financial_Reporting,Corporate_HQ,,7.0,Urban,Large,,3.0,3.0,Other,Operations,Expansion,Internal_Audit,1.0,,0.0,0.0,0.0,0.0,1.0,0.0,1.0,1.0,0.0,4.0,3.0,5.0,3.0,5.0,5.0,0.0,85.0,90.0,85.0,40.0
DEPT-8600,Beta Audit Services,Financial_Reporting,Corporate_HQ,Operations,5.0,Remote,,,3.0,4.0,Administrative,Compliance,Regulation,Internal_Audit,4.0,40.0,0.0,0.0,1.0,0.0,0.0,1.0,1.0,0.0,1.0,,3.0,,,1.0,5.0,2.0,60.0,55.0,55.0,11.0
DEPT-9746,Financial Controls - Strategic Region,Financial_Reporting,Corporate_HQ,Support,6.0,Urban,Small,Centralized,1.0,2.0,Other,Operations,Expansion,External_Auditor,1.0,40.0,0.0,,0.0,,1.0,,1.0,1.0,0.0,4.0,4.0,3.0,1.0,1.0,1.0,0.0,65.0,65.0,50.0,10.0
DEPT-8246,Quality Assurance - Global Region,Financial_Reporting,Corporate_HQ,Legal,6.0,Urban,Small,Centralized,,2.0,,Other,,Internal_Audit,,40.0,0.0,0.0,1.0,0.0,1.0,0.0,1.0,1.0,1.0,3.0,3.0,3.0,1.0,2.0,3.0,,55.0,55.0,50.0,23.0
DEPT-2612,South Department,Financial_Reporting,Corporate_HQ,Operations,7.0,Remote,Large,Centralized,2.0,,Operations,Other,,Internal_Audit,4.0,20.0,0.0,0.0,1.0,0.0,0.0,1.0,1.0,1.0,0.0,4.0,4.0,5.0,5.0,5.0,4.0,2.0,55.0,50.0,50.0,51.0
DEPT-2896,Prime Risk Management,Financial_Reporting,Corporate_HQ,Operations,,Urban,Small,Autonomous,4.0,2.0,Finance,Finance,Merger,External_Auditor,2.0,20.0,0.0,0.0,0.0,0.0,,1.0,1.0,0.0,0.0,5.0,5.0,,3.0,4.0,5.0,4.0,50.0,45.0,45.0,37.0
DEPT-6945,Central Quality Assurance,Financial_Reporting,Corporate_HQ,Support,6.0,Urban,Large,Centralized,2.0,1.0,Other,Other,Restructuring,Internal_Audit,1.0,20.0,,0.0,0.0,0.0,0.0,1.0,1.0,1.0,1.0,,5.0,2.0,1.0,1.0,5.0,4.0,45.0,,50.0,12.0
DEPT-9845,Strategic Compliance,Financial_Reporting,Regional_Operations,Support,13.0,International,Medium,,,3.0,Technology,Administrative,Merger,Board_Committee,2.0,,,0.0,1.0,,1.0,0.0,1.0,0.0,0.0,2.0,3.0,2.0,5.0,4.0,4.0,11.0,69.8,69.5,69.4,50.5
DEPT-7071,Process Excellence - Metro Region,Financial_Reporting,Corporate_HQ,Operations,,Urban,Large,,4.0,4.0,Compliance,Compliance,,,1.0,20.0,0.0,0.0,,0.0,0.0,1.0,,1.0,1.0,3.0,3.0,2.0,2.0,1.0,5.0,16.0,45.0,45.0,40.0,23.0
DEPT-9477,Global Department,Financial_Reporting,Corporate_HQ,Operations,5.0,Urban,Large,Autonomous,3.0,3.0,Other,Finance,Expansion,External_Auditor,,80.0,0.0,,0.0,,0.0,1.0,1.0,0.0,0.0,4.0,3.0,3.0,1.0,1.0,,10.0,50.0,50.0,50.0,15.0
DEPT-3143,Legacy Unit,Financial_Reporting,Corporate_HQ,Support,7.0,Urban,Large,Centralized,1.0,1.0,Administrative,Other,Regulation,External_Auditor,1.0,40.0,0.0,0.0,1.0,0.0,0.0,0.0,1.0,1.0,0.0,5.0,3.0,3.0,1.0,,3.0,2.0,45.0,55.0,55.0,11.0
DEPT-2882,Core Services,Financial_Reporting,Regional_Operations,Technology,4.0,Remote,Medium,Hybrid,2.0,4.0,Other,Compliance,Innovation,Compliance_Officer,4.0,72.0,2.0,,0.0,0.0,0.0,0.0,0.0,1.0,0.0,3.0,4.0,5.0,1.0,5.0,3.0,,75.9,81.3,82.4,61.0
DEPT-3865,Tactical Group,Financial_Reporting,Corporate_HQ,Operations,7.0,Urban,Small,Centralized,2.0,3.0,Operations,Operations,Expansion,External_Auditor,1.0,40.0,0.0,0.0,1.0,0.0,0.0,0.0,1.0,1.0,0.0,5.0,3.0,3.0,1.0,3.0,3.0,0.0,50.0,55.0,55.0,20.0
DEPT-2692,Alpha Operations,Financial_Reporting,Corporate_HQ,Support,7.0,Urban,Large,Centralized,3.0,3.0,Operations,Other,Restructuring,Internal_Audit,,60.0,0.0,0.0,1.0,0.0,0.0,1.0,1.0,1.0,1.0,4.0,2.0,2.0,2.0,3.0,5.0,10.0,55.0,55.0,55.0,30.0
DEPT-4463,Financial Controls - Advanced Region,Financial_Reporting,Corporate_HQ,Operations,9.0,Urban,Large,Centralized,3.0,2.0,Operations,Administrative,,Internal_Audit,1.0,20.0,0.0,0.0,1.0,0.0,0.0,1.0,0.0,1.0,1.0,4.0,5.0,4.0,1.0,1.0,4.0,6.0,55.0,45.0,55.0,13.0
DEPT-6779,Regulatory Affairs - Advanced Region,Operational_Compliance,Corporate_HQ,Support,4.0,Suburban,Large,Centralized,0.0,0.0,Finance,Finance,Restructuring,Internal_Audit,1.0,52.0,4.0,0.0,1.0,1.0,,1.0,1.0,1.0,,1.0,4.0,1.0,3.0,2.0,1.0,0.0,64.4,69.9,71.0,65.0
DEPT-8100,Financial Controls - Global Region,Financial_Reporting,Corporate_HQ,Operations,7.0,Urban,Small,Centralized,4.0,3.0,Compliance,Other,Regulation,Internal_Audit,2.0,,0.0,0.0,0.0,0.0,1.0,1.0,1.0,,0.0,4.0,4.0,4.0,4.0,4.0,4.0,0.0,50.0,55.0,55.0,40.0
DEPT-2800,North Audit Services,Financial_Reporting,Corporate_HQ,Operations,7.0,Urban,Large,Centralized,3.0,3.0,,Other,Expansion,External_Auditor,1.0,40.0,0.0,0.0,0.0,0.0,1.0,0.0,1.0,1.0,0.0,4.0,3.0,4.0,1.0,4.0,4.0,4.0,55.0,45.0,50.0,
DEPT-7153,Prime Governance,Financial_Reporting,Corporate_HQ,Support,8.0,Urban,Large,Centralized,2.0,2.0,,Other,Regulation,Internal_Audit,4.0,40.0,0.0,0.0,0.0,0.0,1.0,,1.0,0.0,1.0,,2.0,5.0,1.0,1.0,2.0,2.0,50.0,45.0,50.0,11.0
DEPT-9790,Core Office,Financial_Reporting,Corporate_HQ,Legal,,Remote,Large,Centralized,0.0,2.0,Administrative,Operations,Restructuring,Compliance_Officer,5.0,84.0,0.0,0.0,0.0,,0.0,1.0,1.0,1.0,,1.0,4.0,,4.0,2.0,2.0,6.0,54.9,54.0,53.9,33.0
DEPT-4553,Internal Controls - Central Region,Risk_Management,Regional_Operations,Finance,12.0,Remote,Small,Hybrid,3.0,3.0,Administrative,Legal,Regulation,,4.0,,0.0,1.0,0.0,1.0,0.0,1.0,0.0,0.0,1.0,,2.0,2.0,2.0,1.0,,0.0,61.5,,59.3,15.0
DEPT-2279,Strategic Center,Risk_Management,Corporate_HQ,Finance,,Urban,Small,Autonomous,4.0,3.0,Operations,Finance,Restructuring,Compliance_Officer,3.0,16.0,4.0,0.0,0.0,0.0,1.0,0.0,0.0,1.0,1.0,2.0,4.0,2.0,1.0,5.0,1.0,30.0,56.5,59.5,,85.0
DEPT-8327,Alpha Operations,Financial_Reporting,Corporate_HQ,Operations,5.0,Urban,Large,Centralized,4.0,2.0,Other,Other,Regulation,Internal_Audit,1.0,80.0,0.0,0.0,0.0,0.0,0.0,1.0,1.0,1.0,0.0,3.0,3.0,3.0,1.0,1.0,3.0,0.0,55.0,,50.0,10.0
DEPT-1235,Governance - Regional Region,Financial_Reporting,Corporate_HQ,Support,5.0,Urban,Large,Centralized,2.0,2.0,Other,Other,Regulation,Internal_Audit,1.0,80.0,0.0,1.0,1.0,0.0,0.0,1.0,1.0,1.0,0.0,5.0,,2.0,1.0,1.0,3.0,4.0,50.0,50.0,50.0,12.0
